{
    "model_name": "LinearSVC (Calibrated)",
    "accuracy": 0.9534883720930233,
    "precision": 1.0,
    "recall": 0.8333333333333334,
    "f1": 0.9090909090909091
}